t - ti (days),Tp (F),mu_oh (cp),qo (STB/D),qoh (RB/D),Fwo (bbl/bbl),Qpi (Btu/D),CumQpi (Btu),delta,tDr,TDr,tDz,TDz,TD,TDp,dNp (bbl),dWp (bbl),Wp begin (bbl),Np begin (bbl)
4,381.82,1.2311768667658718,22.74448287165442,25.71076911138792,2.08,5927720.907356526,331952370.81196547,0.03824568615864931,,,,,1.0,0.9235086276827014,1273.6910408126475,2649.277364890307,0.0,0.0
60,359.7277618473178,1.4547966526027123,22.912436295875814,25.701127957625847,0.7028330915860577,2550499.8648281414,408467366.7568097,0.047061313877104376,0.016722273890397862,0.8546979836828221,0.08336372321899023,0.8371028391087784,0.7154701087214387,0.6347378314881088,687.3730888762744,483.10855312796997,2649.277364890307,1273.6910408126475
90,276.32498049039555,3.505495216470061,23.510283386119735,25.613050080284015,0.6010246269787624,1620032.3670162559,457068337.7672974,0.0526608445559367,0.025083410835596794,0.8224217583747961,0.12504558482848532,0.8004960765309634,0.6583453908327204,0.5710155219860245,705.308501583592,423.90777906922824,3132.385918018277,1961.064129688922
120,257.9207030600036,4.593530298918095,23.61926766791846,25.56656344816785,0.5307308624568339,1367085.5077578558,498080903.0000331,0.05738608177781769,0.033444547780795725,0.7953916874558308,0.16672744643798046,0.7696676010221404,0.6121872119570814,0.5196701047705604,708.5780300375538,376.0642289997953,3556.2936970875053,2666.372631272514
150,243.09111965983325,5.878479772749456,23.691397806203383,25.511880438733627,0.480247968797345,1184684.6666720242,533621443.00019383,0.06148086301233712,0.041805684725994656,0.7717378880591236,0.20840930804747554,0.742610819971835,0.5731009058549179,0.4763853045574683,710.7419341861015,341.3323702319715,3932.3579260873007,3374.9506613100675
180,230.589603662288,7.409776750347038,23.73478966946779,25.44701843951228,0.4423325552792632,1044511.2623402745,564956780.8704021,0.0650911444961771,0.05016682167119359,0.7504996782728419,0.25009116965697065,0.7183437300037543,0.5391167382571308,0.43893386825075115,712.0436900840338,314.9601049053464,4273.690296319272,4085.692595496169
210,219.77287982818194,9.236739995302525,23.75276666390548,25.37006291741768,0.41290984716216583,932082.4935875675,592919255.6780291,0.06831282365784644,0.05852795861639252,0.731105476531895,0.29177303126646575,0.6963026067634932,0.5090706491282243,0.40598177198709606,712.5829999171643,294.23253758615397,4588.650401224619,4797.736285580203
240,210.25565538531308,11.411329861354899,23.74654242735275,25.27906917810439,0.3895041545274368,839084.252835742,609700940.734744,0.0702463150750714,0.06688909556159145,0.7131823621197165,0.3334548928759609,0.6761200742712603,0.4821969116453356,0.3780780403865996,474.930848547055,184.9875386223188,4882.882938810772,5510.319285497368
260,202.1964996244577,13.845788329168721,23.71838320222714,25.17797276721942,0.37654266483552806,768488.0879263945,632755583.3725358,0.07290254140256543,0.07246318685839075,0.7019196165696961,0.3612428006156243,0.6635643969034897,0.46576886704379916,0.3589105915275472,711.5514960668143,267.929496496705,5067.870477433091,5985.250134044422
290,196.66055704498618,15.945598459827277,23.682691293017722,25.091420675541443,0.35987489522654514,714386.4720153168,654187177.5329953,0.07537176920815557,0.08082432380358967,0.6859079105343897,0.40292466222511947,0.6459235704396582,0.44304408656517863,0.3342793007153943,710.4807387905316,255.68418143272095,5335.799973929796,6696.801630111237
320,189.54654763262016,19.327632324421288,23.61100420376257,24.953260766494697,0.34602036577984735,652316.2621744985,673756665.3982303,0.07762645559388176,0.0891854607487886,0.6708197347297722,0.4446065238346145,0.6295608416706848,0.4223218368057809,0.3119120339007686,708.3301261128771,245.09664933046315,5591.4841553625165,7407.282368901768
350,183.08643363122,23.28277090690188,23.51304183897042,24.793606603898297,0.33438244349524,597533.1422152178,691682659.6646868,0.07969178788573937,0.09754659769398753,0.6565347817897731,0.4862883854441096,0.6143316283055544,0.4033300815361432,0.29149619834468754,705.3912551691126,235.8704515236222,5836.58080469298,8115.612495014645
380,177.18993200591265,27.883237865678037,23.38756592500025,24.610454134045586,0.3245166015958233,548654.2287346731,708142286.526727,0.081588173568162,0.10590773463918646,0.6429580764134295,0.5279702470536047,0.6001142446314409,0.3858483003565295,0.27277946868789865,701.6269777500074,227.68960240738073,6072.451256216602,8821.003750183758
410,171.7841661464389,33.20553158824849,23.233302456642406,24.40191198132415,0.3160886480593141,504644.01637105935,723281607.0178587,0.0833324409723765,0.1142688715843854,0.630013115472444,0.5696521086630999,0.5868047760295632,0.3696947051204948,0.2555547019558645,696.9990736992722,220.31349490419717,6300.140858623982,9522.630727933765
440,166.80930901889278,39.33003511343494,23.049041806744047,24.166268262864122,0.30884226022395417,464712.29843360797,737222975.970867,0.08493868713442221,0.12263000852958433,0.6176372322231707,0.611333970272595,0.5743135763695983,0.3547174477371093,0.239649526288224,691.4712542023213,213.55554502773728,6520.454353528179,10219.629801633037
470,162.21557618256486,46.340501051578144,22.833732590244942,23.902061839901627,0.3025773820323491,428247.00692144776,750070386.1785104,0.08641889351930532,0.13099114547478327,0.6057783617235137,0.6530158318820901,0.5625627206066872,0.34078832325584174,0.22491887991646725,685.0119777073483,207.2691308754913,6734.009898555916,10911.101055835357
500,157.9610708974741,54.323423127858824,22.586569624693944,23.60815423784146,0.29713546009579866,394768.4806659666,761913440.5984894,0.08778338367612631,0.13935228241998218,0.5943927219526177,0.6946976934915853,0.5514840642787312,0.32779811408012743,0.21123950278739467,677.5970887408183,201.33812272257677,6941.279029431407,11596.113033542706
530,154.01019319505534,63.36730758386743,22.30707407083928,23.283797898808807,0.29238911606779433,363897.3400124296,772830360.7988623,0.08904116985424941,0.14771341936518112,0.583443112291829,0.7363795551010803,0.5410177158087538,0.3156530599164756,0.1985057723391897,669.2122221251784,195.67037008894536,7142.617152153984,12273.710122283524
